_CustomerID,First Name,Last Name
1,Sawyer,Sullivan
2,April,Hall
3,Kevin,Russell
4,Preston,Harper
5,Oliver,Walker
6,Reid,Douglas
7,Michael,Mitchell
8,Tara,Wells
9,Miranda,Carter
10,Adrian,Wilson
11,Adison,Russell
12,Maddie,Smith
13,Abraham,Foster
14,Carlos,Harper
15,Kimberly,Chapman
16,Samantha,Stevens
17,Amanda,Thompson
18,Fenton,Evans
19,Lana,Moore
20,Sofia,Johnson
21,Robert,Mitchell
22,Grace,Turner
23,Abraham,Cole
24,Abigail,Harrison
25,Alissa,Perkins
26,Madaline,Gray
27,Briony,Robinson
28,Adelaide,Tucker
29,Caroline,Cameron
30,Reid,Baker
31,Mary,Roberts
32,Preston,Bailey
33,Caroline,Sullivan
34,Spike,Warren
35,Lana,Hill
36,Dexter,Riley
37,Dainton,Cooper
38,Ned,Harris
39,Victor,Rogers
40,Steven,Cameron
41,Emma,Crawford
42,Adrian,Johnston
43,Miranda,Martin
44,Aldus,Henderson
45,Sabrina,Nelson
46,Ryan,Kelly
47,Charlie,Payne
48,Lana,Phillips
49,Elise,Taylor
50,Dexter,Douglas
51,Spike,Warren
52,Lana,Hill
53,Dexter,Riley
54,Dainton,Cooper
55,Ned,Harris
56,Victor,Rogers
57,Steven,Cameron
58,Emma,Crawford
59,Adrian,Johnston
60,Miranda,Martin
61,Aldus,Henderson
62,Sabrina,Nelson
63,Ryan,Kelly
64,Charlie,Payne
65,Lana,Phillips
66,Elise,Taylor
67,Dexter,Douglas